0,1,2,3,4,5,6,7,8,9,10,11,12,13,14,15,16,17,18,19,20,21,22,23,24,25,26,27
0.88497746,0.8665026,0.8729259,0.75349694,0.79288185,0.7815726,0.90486985,0.7937381,0.342457,0.8777368,1.0301465,0.8220401,0.88049895,0.8777315,0.8263794,0.8837795,0.8714959,0.7235338,0.77563334,1.0054623,0.848769,0.8675053,0.87310565,0.81804603,0.98886704,0.88389045,0.8694295,0.92696244
1.0693598,0.9211516,1.061662,0.9211001,0.9392628,0.9426014,1.0910958,0.93409747,0.44461298,1.0388477,1.2079645,0.98416734,1.0597085,1.0565836,0.9881859,1.0679826,1.0488936,0.7947086,0.96118766,1.1832213,1.0348,1.0436933,1.0619924,0.9803547,1.165575,1.0676981,1.046201,1.1029371
0.8572989,0.8567029,0.84876055,0.7214645,0.7692154,0.7521764,0.8820994,0.7590665,0.38544834,0.85137635,0.9996962,0.79454476,0.8613545,0.8585639,0.79898494,0.8561367,0.8583516,0.69878376,0.7454187,0.98199683,0.83710533,0.84798574,0.8489347,0.7903334,0.9652878,0.8562407,0.8497149,0.90288895
0.86801285,0.85370725,0.8632928,0.79831594,0.8227735,0.82780516,0.894501,0.82049745,0.36935064,0.9259671,1.0295286,0.87077355,0.8646268,0.86128205,0.87518793,0.8668548,0.8547003,0.70289826,0.8205014,1.0465837,0.8317125,0.8509365,0.8634537,0.8667135,1.0310298,0.8669538,0.8531544,0.9734917
0.9823623,0.81049526,0.9629347,0.7524756,0.8079039,0.7817342,1.0042447,0.78358734,0.38299042,0.88383836,1.0910233,0.82591635,1.0060567,1.0027238,0.83040816,0.9812816,1.0052516,0.6263082,0.77391756,1.0196589,0.9873434,0.99418235,0.9631083,0.8216977,1.0020418,0.9813146,0.99573,0.93567455
0.89539313,0.71845615,0.8789633,0.7153689,0.7737181,0.74315417,0.916517,0.76039857,0.3943008,0.8407635,1.0048223,0.7839993,0.90903586,0.9063815,0.78825766,0.89422923,0.9066851,0.5063787,0.7461779,0.975644,0.8900152,0.8980162,0.87910885,0.78007746,0.95766455,0.8941836,0.8999015,0.89572686
0.9777251,0.9465074,0.97386765,0.8440502,0.906627,0.86709124,1.0038542,0.893175,0.3574504,0.9736989,1.1318,0.91436243,0.9583017,0.95464844,0.9187833,0.9763925,0.93640363,0.7616134,0.8658037,1.1144553,0.90691763,0.94273156,0.9740542,0.9101314,1.0959028,0.9765138,0.9452424,1.0266967
0.90432256,0.8448584,0.902118,0.81085706,0.8586303,0.8424811,0.9322469,0.82879424,0.45406651,0.94491005,1.0706815,0.8858872,0.89735365,0.89539474,0.89053357,0.9029683,0.8911253,0.68912524,0.8350017,1.0785697,0.8651986,0.8820315,0.90247613,0.8816332,1.0618004,0.9030901,0.88380176,0.99914014
0.93610084,0.7374295,0.91827375,0.7619932,0.78583795,0.79404134,0.95887744,0.77898794,0.36588463,0.89013976,1.0471214,0.8341039,0.95598865,0.95266145,0.8386781,0.9350683,0.9578764,0.51441306,0.7888213,1.0213021,0.9392612,0.9463289,0.918426,0.8302345,1.0044775,0.9351695,0.9477704,0.9430935
0.96700025,0.8891875,0.95399857,0.7674027,0.8119296,0.7955122,0.9947248,0.78196716,0.43552786,0.9039982,1.0807319,0.8459454,0.99613583,0.9932609,0.8504684,0.96588856,1.0036274,0.61082715,0.7915564,1.0383532,0.98459595,0.9864558,0.954199,0.8417378,1.0209522,0.9660141,0.98768175,0.95511144
0.9300468,0.87794405,0.92733794,0.7818898,0.8478003,0.81118715,0.95734596,0.8038835,0.51174146,0.9193736,1.0860145,0.8593386,0.9289902,0.92683315,0.8640098,0.92878056,0.9261789,0.63418955,0.81021565,1.0643066,0.90149397,0.9146282,0.9276454,0.8550656,1.0470014,0.92901677,0.9160258,0.97965914
0.8728589,0.85829383,0.86437947,0.7070755,0.769873,0.73901945,0.90050757,0.7402243,0.42057997,0.83979416,1.0175546,0.77995455,0.87226623,0.87004983,0.7845812,0.87163585,0.87262744,0.6573153,0.733681,0.9815839,0.8447452,0.85843086,0.8646039,0.7756783,0.96421826,0.87174815,0.8603935,0.89871025
0.9135867,0.9204542,0.91655517,0.7830197,0.81339705,0.8051518,0.9329952,0.85351235,0.2649071,0.89249945,1.0648017,0.8423887,0.87865376,0.8739769,0.8460675,0.9124599,0.8453931,0.8451557,0.80252576,1.0118663,0.81601316,0.86612856,0.91651005,0.83883727,0.9947894,0.9124921,0.8692155,0.93512774
1.048336,0.81418437,1.0362301,0.8614396,0.89742875,0.88992316,1.0723742,0.876759,0.39503732,0.9960038,1.1810327,0.9371697,1.0551972,1.0521659,0.94173616,1.0472194,1.0469965,0.6885755,0.8869143,1.1313316,1.027247,1.0423572,1.0364127,0.9329351,1.1137943,1.047289,1.04412,1.0482792
0.9089811,0.9141801,0.91237366,0.82344836,0.8642882,0.8500687,0.936542,0.853448,0.35061228,0.95068705,1.0744509,0.89377445,0.88468724,0.88096875,0.8983354,0.9077174,0.8653777,0.7110349,0.8461026,1.0752158,0.8361359,0.8711252,0.9125416,0.88957083,1.0588626,0.90784526,0.87355477,0.99902296
1.0726672,0.9402408,1.0588734,0.8582683,0.92045766,0.8842551,1.0987816,0.87314945,0.43140635,0.9929962,1.197165,0.9333676,1.0883833,1.0856277,0.9378796,1.0714505,1.0894274,0.63654613,0.88394743,1.1365383,1.0679516,1.0757222,1.0590985,0.9290402,1.1180642,1.0715333,1.077323,1.0489715
0.98972523,0.7712588,0.97762835,0.80276155,0.8429635,0.83054394,1.0169677,0.8126846,0.41249883,0.93484193,1.1085197,0.87778324,1.0163348,1.0131539,0.882293,0.98862547,1.0154344,0.61971915,0.83087546,1.0678433,0.99561584,1.0042787,0.97776467,0.8734656,1.050535,0.9886923,1.0058073,0.9868859
1.0349636,0.7906593,1.0234683,0.84479207,0.89794475,0.87434685,1.0618129,0.86755747,0.4032096,0.9778257,1.1616079,0.9186432,1.049868,1.0469211,0.9231834,1.0337844,1.0484649,0.6681859,0.869619,1.1183192,1.026712,1.0365942,1.0236473,0.91443896,1.1005563,1.0339092,1.038232,1.0338404
0.93772686,0.9913336,0.93167925,0.7637549,0.7991553,0.7889424,0.9587847,0.8281521,0.27303416,0.8822808,1.0684499,0.82868177,0.92869604,0.9246041,0.83266723,0.93666685,0.9108336,0.7086951,0.7835503,1.0070772,0.88772815,0.91642034,0.93177557,0.8247162,0.9899073,0.93668526,0.91901195,0.92813635
0.8846296,0.8755327,0.8827116,0.79344684,0.8408275,0.8215441,0.91063946,0.83077365,0.3637484,0.92269397,1.0619061,0.86551255,0.8722345,0.8687582,0.86997336,0.88342535,0.8577419,0.715018,0.81588745,1.0513467,0.83044547,0.8584636,0.8829145,0.8612034,1.0347203,0.8835372,0.86084825,0.97225744
0.95383996,0.85805696,0.93936735,0.74840736,0.8078196,0.77171516,0.9807237,0.79076684,0.39137334,0.88066953,1.0832435,0.82261604,0.95406675,0.951202,0.8270797,0.9525615,0.94508183,0.6928069,0.7723142,1.0183504,0.9221439,0.9411345,0.9395406,0.81847364,1.0005256,0.95263743,0.9428851,0.9330013
0.8824216,0.7810063,0.8593409,0.6477406,0.70401806,0.67570406,0.90390676,0.6836728,0.39990383,0.77910435,0.98034894,0.72212905,0.9196721,0.9167015,0.7265626,0.8814088,0.9272018,0.6149173,0.67078024,0.9103169,0.9117001,0.90910304,0.8594518,0.71794575,0.89306235,0.8814243,0.91018856,0.82892096
1.0191416,0.842077,1.0078152,0.8830815,0.9158542,0.91269135,1.044727,0.88055176,0.42717913,1.0175588,1.1586039,0.9578095,1.0253584,1.0224847,0.9624321,1.0179069,1.0245733,0.6933259,0.910411,1.1581035,1.0018789,1.0129415,1.0081891,0.95350266,1.1405376,1.0181103,1.0145477,1.0746683
1.013928,0.88382035,1.0165367,1.0796844,1.0830207,1.1107166,1.048551,1.0494443,0.5959248,1.2145174,1.201161,1.1583456,1.0165229,1.0137482,1.162918,1.0127742,1.0161065,0.71919036,1.1073134,1.3286098,0.9925152,1.0030353,1.0167356,1.1543626,1.3150617,1.0128967,1.0040296,1.2625318
0.98573714,0.7780611,0.9598787,0.7307268,0.7868039,0.75863564,1.0070829,0.747445,0.43159077,0.86493534,1.0754879,0.80626434,1.0257101,1.0230508,0.81079316,0.9846582,1.0306724,0.60712475,0.75477356,1.0037844,1.0157682,1.0143907,0.96005416,0.8019407,0.9860308,0.98473215,1.0154151,0.91884863
0.9583934,0.85484827,0.93357724,0.7482372,0.8033011,0.78003675,0.98296416,0.7430708,0.5233498,0.8842245,1.0644225,0.8258133,0.9819935,0.9802737,0.83042544,0.957323,0.98382944,0.62301207,0.7773685,1.0268046,0.9556959,0.9702097,0.9339249,0.8214805,1.0098388,0.95752436,0.9712676,0.9440775
0.928001,0.8187323,0.9181528,0.7750955,0.83119494,0.80558074,0.95494455,0.7844438,0.53926075,0.9148421,1.0682639,0.85596585,0.92606723,0.92444396,0.8607228,0.92681015,0.92138577,0.593546,0.8036113,1.0541004,0.8917789,0.91307276,0.91844165,0.85176206,1.0372667,0.9270287,0.9142456,0.97204787
1.130954,0.9666611,1.1294851,0.92889744,0.9710097,0.95151603,1.1588242,0.9822471,0.36975643,1.0513185,1.2732074,0.9949429,1.1159579,1.1124873,0.9990995,1.1297339,1.0864749,0.79475504,0.95128864,1.1934233,1.0572124,1.0996507,1.1296751,0.99110967,1.1748221,1.1298811,1.102207,1.105684
0.93695974,0.8209066,0.92922384,0.7783985,0.8736465,0.8067115,0.9665805,0.8160975,0.5497777,0.91251206,1.0799978,0.85333985,0.9619888,0.9604894,0.85812914,0.93553615,0.9542761,0.5924886,0.813062,1.0518203,0.937131,0.9485269,0.9293822,0.8491966,1.034678,0.93565744,0.9497772,0.97335184
0.96182585,0.7208523,0.9430893,0.753774,0.8068693,0.78173846,0.983822,0.7809973,0.39661723,0.88478094,1.068667,0.8272146,0.98851097,0.9854478,0.8317015,0.96073586,0.9869198,0.60876787,0.77846915,1.0193015,0.97025836,0.97662354,0.9432243,0.8230542,1.0020951,0.9607735,0.97812647,0.9379666
0.956236,0.72793055,0.9437681,0.7490367,0.7873051,0.77666414,0.98186255,0.784811,0.39435324,0.87705845,1.0715961,0.81916463,0.983248,0.97961086,0.82342374,0.9551784,0.9817711,0.6017606,0.77258205,1.0135305,0.9642403,0.97175807,0.9439208,0.81508017,0.9957418,0.9552554,0.9732299,0.9302011
1.0201826,0.77432,1.0067295,0.84295547,0.8884498,0.86990577,1.0436325,0.87348443,0.38732293,0.9756192,1.1492156,0.9175179,1.0294812,1.0260129,0.92196614,1.0189688,1.022577,0.64694005,0.8665206,1.1109452,1.0017503,1.0164388,1.006969,0.9133073,1.0932901,1.0190806,1.018226,1.027517
1.0039285,0.90830183,0.98482144,0.80442375,0.8539697,0.8338657,1.0290295,0.8106115,0.42622212,0.9377119,1.1173004,0.87871313,1.0265234,1.0237082,0.8832952,1.0027933,1.0315235,0.6200842,0.82657987,1.0756785,1.011975,1.0153166,0.9850556,0.87435585,1.0581148,1.0029346,1.0165691,0.9912621
0.9533249,0.7330704,0.93265104,0.7344047,0.78507423,0.7626232,0.9751939,0.7577595,0.40317,0.8669708,1.0596918,0.808704,0.983787,0.9806752,0.8132174,0.952237,0.98160404,0.60770166,0.7592097,1.0023879,0.96581763,0.9720097,0.93285,0.8045587,0.9848464,0.95231444,0.9733594,0.9198388
1.0632885,0.8383098,1.0501443,0.88530475,0.92474127,0.91420496,1.0870758,0.90297544,0.41018212,1.016772,1.2040316,0.958517,1.0706093,1.0681211,0.9630682,1.0620497,1.0620177,0.6985367,0.906056,1.1540028,1.0380738,1.0550815,1.0503489,0.9543011,1.1363922,1.0621867,1.0570267,1.0694779
0.89128304,1.025297,0.8739211,0.75447613,0.789489,0.7841556,0.9140857,0.78842545,0.4139446,0.88536084,1.0087926,0.8297529,0.916532,0.9135619,0.83420324,0.890203,0.918515,0.6531152,0.77966136,1.008807,0.9003243,0.90480065,0.8741012,0.8257552,0.9929875,0.8902125,0.90604115,0.9340161
0.956625,0.8829721,0.9449385,0.7833981,0.82329,0.8113514,0.9825276,0.8227754,0.39179513,0.9148525,1.0828689,0.85781837,0.9627954,0.959232,0.86236036,0.95547414,0.9538514,0.6274248,0.8074861,1.0467137,0.92982125,0.9509534,0.9452521,0.8536274,1.0293316,0.9554875,0.95266825,0.9647209
1.0193121,0.92003465,1.0042844,0.8052466,0.86190796,0.8320711,1.0458362,0.82366294,0.4165125,0.93875575,1.1401451,0.8794553,1.0410855,1.0384386,0.8839584,1.0181617,1.0437255,0.6112305,0.828884,1.0801198,1.0215794,1.0290025,1.0045124,0.8751422,1.0620275,1.0182288,1.0304796,0.9937535
0.9401016,0.9309445,0.938578,0.7993203,0.84871125,0.8256032,0.9644549,0.84696597,0.33629182,0.92619735,1.093032,0.8691141,0.9252912,0.921594,0.87341523,0.9388984,0.9091837,0.7322077,0.8192468,1.059337,0.8827167,0.9117589,0.9387308,0.8648687,1.0417695,0.9390072,0.9140275,0.9758812
0.95234686,0.72974885,0.9362982,0.7427963,0.79445904,0.77284664,0.9768804,0.7767769,0.41036823,0.87479603,1.0749745,0.8158389,0.98246676,0.98021257,0.8204398,0.9511716,0.98685366,0.59997267,0.76606494,1.0124252,0.9673184,0.9712639,0.93635714,0.8117094,0.9950238,0.95131165,0.9725744,0.9284235
0.90252143,0.85355765,0.8964436,0.75859565,0.81707567,0.7841423,0.92930335,0.79123086,0.39713508,0.88892287,1.0579357,0.83013874,0.8964742,0.89362097,0.83461344,0.9012529,0.8866441,0.6768696,0.7821977,1.0283561,0.8623462,0.88299376,0.8967614,0.82578546,1.0105274,0.9014447,0.8847927,0.94361913
0.9504509,0.9047328,0.9447099,0.8092267,0.8503446,0.8354276,0.9738039,0.84720373,0.36309794,0.93857574,1.0969812,0.88102037,0.9379844,0.93468297,0.88543415,0.94923526,0.92689794,0.73295325,0.8344992,1.0718161,0.9014256,0.9239266,0.9448549,0.87675875,1.0545733,0.9493544,0.9258271,0.9904742
0.9202586,0.70537645,0.90130085,0.71566826,0.7518746,0.7444435,0.9437792,0.7341745,0.40517738,0.84554493,1.0286686,0.7885674,0.95164067,0.9487397,0.79308313,0.9191093,0.95772743,0.5769588,0.7354225,0.9751607,0.93866366,0.94041514,0.90139455,0.7844304,0.9578799,0.91912085,0.94167656,0.89373887
0.8731379,0.88583356,0.87253773,0.78125226,0.8290221,0.8080389,0.8987496,0.813925,0.36964244,0.91039425,1.045844,0.85267305,0.85949856,0.85655886,0.85701907,0.87183636,0.84296584,0.68484175,0.80397505,1.0458534,0.8171906,0.8455971,0.8726974,0.8483713,1.0285913,0.8719811,0.8479356,0.9635655
0.8668916,0.82626563,0.85016054,0.71365964,0.757237,0.74266064,0.89036995,0.7084057,0.4953283,0.8481579,1.014917,0.7908536,0.87006116,0.86741036,0.7953348,0.86581445,0.84852374,0.5840821,0.7411897,0.9840856,0.8193488,0.8550894,0.85026157,0.78635883,0.9670917,0.8659533,0.85719144,0.90262294
0.9735819,0.79830074,0.9548177,0.7760578,0.82167226,0.8049169,0.9954632,0.8095779,0.40490338,0.91044945,1.0917221,0.85199875,0.99385643,0.9909418,0.85665125,0.9724936,0.9922782,0.63032174,0.8044262,1.0480927,0.9747019,0.98153967,0.9549711,0.8478595,1.0306798,0.9725734,0.9830505,0.9657331
1.0719562,0.8626429,1.0571276,0.91191214,0.94806546,0.94158757,1.0986183,0.92054296,0.49979958,1.0498475,1.1956515,0.9911428,1.0976081,1.0950552,0.9958503,1.0708376,1.1026509,0.6580709,0.93820786,1.1859034,1.0780818,1.0852304,1.0573758,0.9870116,1.1688054,1.0709572,1.0866442,1.103704
1.0733405,0.9809104,1.0680543,0.89337885,0.9361069,0.9177365,1.0942216,0.9374958,0.28708446,1.0162827,1.2138516,0.95979166,1.055271,1.0512931,0.96400595,1.0721221,1.0296161,0.8171177,0.91024536,1.1475041,1.0026015,1.0400624,1.0681932,0.95570767,1.1294395,1.0721521,1.0427288,1.0630738
1.0037503,0.8816554,0.99112606,0.8286231,0.8914697,0.8568892,1.0311149,0.8402686,0.49803838,0.9648755,1.149607,0.90471494,1.0192789,1.0170782,0.9092698,1.002537,1.0260597,0.5916896,0.85210955,1.1089344,1.0032451,1.0068024,0.9914558,0.90024036,1.0909138,1.0027045,1.0080272,1.0211619
0.9148843,0.79173285,0.90898997,0.9151185,0.942656,0.9484377,0.9466827,0.90238166,0.5356926,1.0486611,1.0747379,0.9940536,0.93955106,0.9370966,0.9986289,0.91384083,0.95476466,0.6267407,0.94742,1.1713039,0.9384143,0.9302858,0.9092543,0.99019456,1.156828,0.9140055,0.9312855,1.1021881
0.97169495,0.90580815,0.9576311,0.8175594,0.8696534,0.8463506,0.99982303,0.8225785,0.49048975,0.9557204,1.1119286,0.8959733,0.9853978,0.9832217,0.9006767,0.97050965,0.982391,0.6170874,0.8440544,1.0948929,0.9555464,0.9721024,0.9578961,0.8917058,1.0776092,0.97064495,0.97372425,1.011792
0.91477215,0.8870838,0.9073076,0.7438583,0.8019441,0.7729618,0.94308776,0.76207596,0.43997228,0.87797976,1.0535101,0.82000977,0.9189552,0.9163554,0.8245563,0.9136483,0.92310303,0.606313,0.77234346,1.0146248,0.897126,0.90711695,0.90761065,0.8156868,0.9978903,0.91388196,0.90863967,0.9340892
1.0008619,0.9268712,0.9844507,0.7971414,0.85035264,0.82557017,1.0275047,0.8135764,0.42779848,0.9316475,1.1220174,0.87238646,1.0247386,1.0223287,0.8769784,0.9997154,1.0275159,0.60601467,0.8217195,1.0718668,1.0042543,1.0121913,0.98465544,0.8681093,1.0541356,0.99982125,1.0136149,0.9869005
0.980911,0.9303456,0.9720657,0.8267842,0.86846995,0.8531426,1.0030317,0.86712974,0.3289965,0.9531209,1.1228275,0.8962995,0.9726392,0.96927685,0.90059996,0.97970706,0.95762444,0.7869754,0.84824693,1.0873796,0.9346759,0.9581011,0.97226286,0.89209265,1.0698183,0.97980374,0.96049136,1.0041816
0.99087274,0.860502,0.96682423,0.7500288,0.7995764,0.7789652,1.0112576,0.7677483,0.4082411,0.8847919,1.0905685,0.8259133,1.0232806,1.0203693,0.8305347,0.9897485,1.0223514,0.6275016,0.77074593,1.0218848,1.0047591,1.0107816,0.9669724,0.8216998,1.0041989,0.9897237,1.0120729,0.93641925
0.9572299,0.79182947,0.9381266,0.72821814,0.78953874,0.75592023,0.9809762,0.75658417,0.4103595,0.86111873,1.066404,0.8026817,0.9887576,0.9863446,0.8071607,0.9561061,0.99645436,0.6496501,0.7527187,1.0004433,0.97924244,0.97642374,0.9383338,0.7983665,0.98276055,0.9561639,0.97746605,0.91542274
0.90710765,1.0172036,0.8943092,0.82230693,0.84539354,0.8496217,0.932421,0.83566046,0.4213638,0.9478021,1.0455207,0.89486516,0.9227357,0.9198385,0.8991477,0.90594935,0.91991717,0.6735671,0.85133505,1.0698186,0.901707,0.90957594,0.89451826,0.8911093,1.0545156,0.9059267,0.9112499,0.99738145
0.8893801,0.875959,0.8873929,0.77511966,0.8206059,0.8027547,0.9161073,0.8191421,0.34460396,0.8999555,1.0408368,0.8431334,0.89225215,0.888851,0.84745955,0.8881496,0.8811444,0.7062058,0.7983138,1.0299271,0.85901856,0.8787315,0.8875336,0.839187,1.0133401,0.88829863,0.880697,0.95184153
0.945669,0.83735466,0.9292201,0.71699375,0.77689654,0.7468501,0.97363085,0.73759055,0.42012876,0.8524131,1.0583882,0.79388463,0.97722137,0.97470224,0.7984221,0.9445714,0.9885522,0.59860003,0.7399874,0.9901864,0.968454,0.96536475,0.92941093,0.78967,0.97240454,0.94465464,0.96652794,0.9045314
0.93880713,0.6975248,0.922291,0.764599,0.79348785,0.795655,0.9640737,0.78074795,0.411355,0.89936984,1.0553968,0.8416453,0.96205866,0.95948696,0.84620476,0.93773085,0.97008026,0.5467148,0.7875553,1.0277547,0.9523304,0.9483829,0.92257214,0.8375116,1.0113181,0.9377052,0.9497889,0.94929075
1.051267,0.8314124,1.0404274,0.8799383,0.9232742,0.9068592,1.0764186,0.89591134,0.40603998,1.0129071,1.1907352,0.9541785,1.0562592,1.0533273,0.95870256,1.050046,1.0520866,0.6765965,0.90399945,1.1509485,1.0290939,1.0432643,1.0405921,0.94999635,1.1333661,1.0501698,1.0450197,1.0664892
1.0529715,0.9084303,1.0480343,1.1014792,1.121851,1.1323841,1.0839032,1.0927697,0.59091806,1.2348663,1.2403454,1.1789513,1.0459771,1.0439445,1.1836346,1.0517157,1.0375121,0.71597385,1.1291486,1.3575264,1.006031,1.0335928,1.0483885,1.1750795,1.3428317,1.0519856,1.0352103,1.285988
1.0222411,0.9614067,1.019818,0.87105983,0.91336477,0.8932559,1.0466524,0.9134288,0.33741346,0.997763,1.17129,0.9399243,1.0096856,1.0058887,0.94422543,1.0209168,0.99221635,0.7728594,0.89172184,1.1336043,0.9629858,0.99421245,1.0199856,0.935735,1.1159961,1.0210067,0.9966062,1.0488684
0.9403823,0.72688353,0.92105436,0.74637866,0.7719893,0.7769501,0.96087486,0.7831968,0.37560827,0.8747632,1.0461965,0.819171,0.9688,0.965494,0.8236543,0.93930423,0.9673105,0.5376114,0.7705629,1.0051554,0.9526683,0.9559859,0.9211038,0.8152537,0.98870444,0.9393328,0.9574038,0.92617756
0.86306304,0.7560431,0.84704465,0.67055786,0.7134188,0.6976756,0.8837674,0.7163165,0.36730355,0.7968815,0.97191876,0.74296314,0.8820887,0.87854654,0.7471767,0.86204225,0.88195515,0.59930986,0.69628704,0.9215504,0.8653597,0.87134504,0.84709275,0.7389051,0.90521985,0.8621151,0.87288564,0.84463894
0.8866116,0.8699346,0.8715086,0.78763366,0.827735,0.8144782,0.9143976,0.80097514,0.44783044,0.92264545,1.0323576,0.86489224,0.8852601,0.8820471,0.86938685,0.88550407,0.8763306,0.6715641,0.81280226,1.0502942,0.84925157,0.8715509,0.87174815,0.86074317,1.0337887,0.88568324,0.87350696,0.97205675
0.8769258,0.7053993,0.8617104,0.69676584,0.7343926,0.7248811,0.9021707,0.73333055,0.40476838,0.8276836,0.99364257,0.77209693,0.9040341,0.90131,0.7765968,0.8758624,0.90856814,0.50411654,0.724258,0.95611995,0.8894568,0.892788,0.86184156,0.768059,0.9397583,0.87592655,0.8941128,0.87861156
0.9808598,0.6643934,0.95398515,0.7694998,0.8088001,0.8007175,1.0071585,0.7725543,0.59086096,0.90927637,1.0772736,0.8513353,1.0025771,1.0011666,0.85613936,0.97972965,0.9939883,0.6320278,0.8021306,1.0480369,0.9684654,0.9893295,0.95420873,0.84738207,1.0314381,0.979918,0.99053264,0.9677898
0.97651637,0.8548133,0.958416,0.7500355,0.7968469,0.77814704,1.0028754,0.7624062,0.44751328,0.8862891,1.0893054,0.8274546,1.0113138,1.0092546,0.8320449,0.975414,1.0151206,0.61268383,0.774792,1.0262028,0.99098426,0.9992753,0.95859164,0.82321596,1.0085168,0.97552764,1.0004569,0.9410128
1.0348564,0.90911424,1.0179306,0.83586603,0.8836282,0.86453533,1.0591091,0.84363145,0.412841,0.967987,1.151101,0.90900326,1.0516462,1.0489491,0.9134867,1.0337303,1.0519891,0.64958054,0.8589223,1.1067735,1.0301605,1.0386606,1.0181961,0.904597,1.0888646,1.0337651,1.0402024,1.0216672
0.9329834,0.9133147,0.9276478,0.7622316,0.81514704,0.78757304,0.9560682,0.8239287,0.31434315,0.88584626,1.0788583,0.8294709,0.9232457,0.91980606,0.83371794,0.931834,0.911061,0.7511461,0.78773326,1.0223876,0.8842368,0.9090064,0.9278563,0.82528317,1.0045856,0.9319603,0.91121393,0.9395099
0.9698443,0.7402938,0.95798165,0.7873068,0.819708,0.8153919,0.99630755,0.81195366,0.4171524,0.9170894,1.09649,0.85916036,0.9936377,0.99074894,0.8636551,0.9686617,0.99531496,0.6255819,0.80882484,1.0499454,0.97537696,0.9807642,0.9581782,0.8550042,1.0325913,0.9687005,0.9821631,0.9682694
1.005273,0.9654514,1.0047446,0.87460643,0.9189784,0.89950573,1.0291641,0.9237701,0.31829646,0.99983233,1.1752273,0.94272095,0.9850258,0.98142505,0.9469339,1.0040374,0.9633306,0.78876877,0.8948526,1.1345067,0.9354487,0.96899456,1.0049243,0.938502,1.1164546,1.0041442,0.9718332,1.0499347
0.89753956,0.70323586,0.8815452,0.70070297,0.7399159,0.73112774,0.9191217,0.74996585,0.38199076,0.8293992,1.0041547,0.77329135,0.9142622,0.91099465,0.77779174,0.8964356,0.9144645,0.5305474,0.72476304,0.9576,0.8961707,0.9024276,0.88160735,0.7692183,0.9408291,0.8964605,0.9041116,0.87906224
1.0012199,0.76826537,0.9796502,0.7614934,0.8204631,0.7896771,1.0277956,0.7742385,0.4824089,0.89857996,1.0990354,0.8388308,1.0490011,1.0466441,0.843549,1.000076,1.0609918,0.6260334,0.7892611,1.0415207,1.041681,1.0375322,0.9798922,0.8345095,1.0236284,1.0002049,1.0382814,0.956443
0.9495251,0.71567756,0.9339748,0.7629147,0.79528874,0.794051,0.9744098,0.77238315,0.37954688,0.89439154,1.062061,0.83817166,0.97099334,0.96822256,0.84272134,0.9485514,0.9810819,0.5116892,0.7827574,1.0243137,0.9627832,0.9607374,0.9343059,0.8343904,1.0074724,0.94861394,0.96211636,0.94354415
1.0872227,0.8665974,1.0731559,0.9080907,0.9623502,0.934552,1.1116878,0.926078,0.41876844,1.0412979,1.2233368,0.9818832,1.0948128,1.0920589,0.9864241,1.0859437,1.0918424,0.7070355,0.93214095,1.181579,1.0697583,1.0809567,1.0733447,0.9775379,1.1635432,1.0860202,1.0827088,1.0958275
0.9650984,0.7449098,0.9495186,0.80780447,0.83422005,0.83575726,0.9899485,0.8372561,0.39821857,0.9410159,1.0907215,0.8844948,0.991571,0.9890596,0.8889936,0.9638933,0.9954338,0.5696292,0.82926595,1.0674276,0.97649753,0.97766906,0.9497706,0.88047975,1.05088,0.9638825,0.97891766,0.98781675
1.065977,0.8965248,1.057041,0.8906226,0.9421035,0.91756415,1.0916724,0.91146475,0.42464063,1.025722,1.2014856,0.9664631,1.0695304,1.0667884,0.9709931,1.0647733,1.0632527,0.65234685,0.9156402,1.1660842,1.0373013,1.055058,1.0572709,0.96221095,1.1481026,1.0649252,1.0569248,1.0801826
0.8915105,0.85078657,0.8820808,0.72385377,0.7744067,0.7521839,0.91669476,0.7669371,0.34333342,0.85281634,1.0264145,0.7956866,0.88209456,0.8788745,0.8001209,0.89034647,0.8705835,0.71690357,0.74687994,0.9855389,0.8439929,0.86946416,0.88223445,0.7915093,0.96829194,0.8904495,0.8719333,0.9038646
0.942534,0.7469934,0.9194453,0.6990041,0.75203,0.73122287,0.9693964,0.71024495,0.5329436,0.8385916,1.0395308,0.7802724,0.964529,0.9631306,0.78506505,0.9414958,0.9610476,0.5899196,0.72919434,0.97826034,0.9311524,0.9523854,0.91965824,0.7761477,0.9614023,0.9416308,0.9534876,0.8962907
1.0237283,0.8922263,0.9997618,0.8540001,0.8951554,0.8816293,1.0424105,0.84995425,0.42571336,0.9880708,1.1460227,0.9295153,1.0550787,1.0518457,0.9340613,1.0226576,1.0559632,0.66290814,0.8740087,1.1232748,1.0372369,1.0412447,1.0001057,0.9252304,1.1056157,1.0227926,1.0429353,1.0384265
1.0267948,0.8577727,1.0164573,0.8687847,0.88394153,0.8951591,1.0534339,0.88349134,0.41911772,0.9961982,1.1646843,0.9397179,1.0366987,1.0339957,0.94418025,1.0255156,1.033238,0.69336796,0.8845184,1.1270305,1.0121138,1.023353,1.0166337,0.9355328,1.1097469,1.0256213,1.0251561,1.0446138
0.9571175,0.959163,0.95112723,0.79413605,0.8328916,0.8190043,0.9791346,0.84742004,0.2933508,0.91611093,1.0992917,0.8609592,0.94817424,0.9443878,0.86513394,0.95597464,0.93214655,0.70113957,0.814047,1.044412,0.90818274,0.935041,0.9512445,0.8568035,1.0269909,0.9560309,0.93741757,0.96349096
0.89461386,0.88947326,0.89176726,0.7551964,0.7979065,0.7822718,0.92082477,0.7963264,0.33438373,0.88319516,1.0371329,0.8263116,0.88976365,0.88631546,0.8307905,0.8933889,0.88075984,0.6918636,0.77878094,1.010775,0.85454166,0.8768917,0.89190805,0.8222072,0.993967,0.8934989,0.87897116,0.9323858
0.9677237,0.91168743,0.95946634,0.7977115,0.83376455,0.8246883,0.9932472,0.83876306,0.31432647,0.9229727,1.110326,0.86653066,0.9613153,0.9579228,0.87079924,0.9665816,0.9419013,0.7439681,0.81914943,1.0567044,0.9160046,0.94791925,0.95965093,0.8624462,1.0392458,0.96672386,0.9501029,0.9735398
0.9885841,0.9849848,0.9812002,0.93826115,0.9418254,0.9658118,1.0173883,0.9772306,0.46890065,1.0637004,1.1378,1.0107958,0.9974896,0.99428356,1.0151716,0.9874656,0.99774456,0.77716815,0.96633965,1.183253,0.97659975,0.9854572,0.98141116,1.0071325,1.1681987,0.9875375,0.98716885,1.1123197
1.0480876,0.8145753,1.0313187,0.8602655,0.8935152,0.8879126,1.0733947,0.8610733,0.42441893,0.9945888,1.1583692,0.9354372,1.0670122,1.0642265,0.9400704,1.0468762,1.0651197,0.64521265,0.886268,1.1312866,1.0464501,1.0537721,1.031624,0.9312825,1.1138091,1.0469637,1.0552956,1.0487616
0.96616584,0.8182022,0.97390276,0.8890308,0.93708974,0.916596,0.9949349,0.8832665,0.63593644,1.0268267,1.1275383,0.96814793,0.9287919,0.926889,0.9727646,0.9648129,0.9037075,0.65050024,0.9149859,1.1716954,0.87137884,0.91416395,0.97429496,0.96397805,1.15466,0.9651291,0.9160605,1.0867555
1.0102979,0.747458,0.9907122,0.8541023,0.8854019,0.8870232,1.0390137,0.8576655,0.5784875,0.994006,1.1346964,0.9355922,1.0045599,1.0030957,0.94046044,1.0091735,0.991809,0.6557676,0.8829902,1.1314796,0.9613248,0.9898411,0.99094874,0.9315721,1.1148868,1.0093812,0.99135524,1.0507429
0.9442441,0.944398,0.9427489,0.8206763,0.8685231,0.8471265,0.96933377,0.85982597,0.318347,0.9469088,1.1107662,0.8901099,0.9293124,0.92634076,0.89438295,0.94296217,0.9097936,0.762175,0.8412167,1.0797758,0.8846994,0.9153373,0.9429192,0.8858988,1.0623277,0.94308597,0.91765195,0.99693984
0.8901993,0.7569716,0.8820646,0.70010257,0.73656225,0.73134375,0.91723955,0.7479605,0.3495966,0.82351005,1.0044895,0.7686897,0.9029499,0.8995656,0.77299917,0.8890693,0.9038632,0.539193,0.72241336,0.95281863,0.88572115,0.89225906,0.8822464,0.76468134,0.93627834,0.8890785,0.89374006,0.8742648
1.0196965,0.8794295,1.0012691,0.8018907,0.8657577,0.82678014,1.0414418,0.82331043,0.3875932,0.9332035,1.1343237,0.8748162,1.0411227,1.0378252,0.87913376,1.0186125,1.033493,0.6804316,0.82001895,1.0662549,1.0148662,1.0268551,1.00141,0.87046397,1.0482253,1.0186944,1.028396,0.98095447
0.88346994,0.878164,0.879965,0.8083846,0.8455317,0.83673877,0.905159,0.84338945,0.3478693,0.93593806,1.0533696,0.87928253,0.8617689,0.8585845,0.8836746,0.8821995,0.8462966,0.68552303,0.8333938,1.0645934,0.8194533,0.8466549,0.8801852,0.8751176,1.0485018,0.88231295,0.8492417,0.9884209
0.97095764,0.87949455,0.96774983,0.8320741,0.8687319,0.8582927,0.99974144,0.8622181,0.37107205,0.96196526,1.1272987,0.9045184,0.96834946,0.9650559,0.90899646,0.96971935,0.95447,0.74012035,0.85625243,1.0948218,0.93012404,0.95433754,0.9679153,0.900239,1.0775973,0.96985245,0.9564855,1.0138012
0.9245908,0.8951858,0.9157192,0.7661365,0.8189591,0.79478323,0.94901896,0.8025725,0.355952,0.8973259,1.0642604,0.83933705,0.92458296,0.9219258,0.8437772,0.923367,0.9206068,0.70169705,0.7895123,1.0355295,0.8992234,0.9115523,0.91586566,0.83503133,1.0175352,0.92350143,0.9133016,0.949533
0.9243375,1.0860109,0.9069647,0.80904114,0.83021986,0.84010196,0.94713795,0.8289979,0.42608017,0.9388801,1.052864,0.88343245,0.9445187,0.9415371,0.88797593,0.92322123,0.945044,0.68331784,0.8358697,1.0636408,0.92572695,0.93172425,0.90715486,0.87956226,1.0475806,0.9232968,0.933076,0.98859566
0.8844795,0.8401324,0.86614174,0.7190876,0.7439809,0.7505102,0.9060083,0.7514437,0.3945447,0.84620607,1.0000532,0.79071623,0.90707195,0.90458333,0.79516166,0.88337123,0.911805,0.6493599,0.7415642,0.9727657,0.8931789,0.8960332,0.86626536,0.7866347,0.9564062,0.8833954,0.8974558,0.89492774
0.90996,0.7245373,0.88869536,0.71657664,0.76501304,0.74359053,0.93090695,0.7308593,0.39713192,0.8465539,1.0264206,0.7889996,0.93993497,0.9366414,0.79341644,0.9089024,0.94072807,0.547753,0.74224037,0.9800424,0.92518073,0.9296086,0.88875854,0.78480005,0.96290094,0.9089579,0.9309221,0.89927214
1.0318674,0.86575896,1.015962,0.83413386,0.8856105,0.85514164,1.0545911,0.86267865,0.32623985,0.9587505,1.1528742,0.9013977,1.0390053,1.035838,0.9055087,1.0307753,1.0264719,0.6544468,0.85278183,1.0940686,1.0062296,1.0257286,1.0160854,0.8971555,1.0762204,1.0307796,1.0279971,1.0087547
0.9957433,0.7309608,0.9803126,0.7956069,0.83746254,0.82665676,1.0213932,0.8235521,0.41660663,0.9292809,1.1150246,0.8710369,1.0233623,1.020449,0.87558216,0.9946232,1.0283157,0.64755464,0.81873703,1.0644962,1.0075792,1.01043,0.9805093,0.8668145,1.0471436,0.9947248,1.011753,0.98203546
0.995129,0.7920538,0.98305553,0.8084273,0.83708,0.83736974,1.0231533,0.817519,0.4104153,0.9408602,1.1090842,0.88447887,1.0186923,1.0158701,0.88900465,0.9940555,1.0228283,0.6212741,0.825953,1.0741429,1.0057625,1.0077674,0.9832766,0.8806123,1.0574548,0.9941774,1.0091947,0.99108183
0.94220495,0.9377169,0.93903464,0.7980974,0.83796734,0.8228929,0.9672094,0.8509574,0.30081198,0.92376417,1.0840396,0.8666436,0.94001365,0.9363775,0.87089014,0.9410514,0.92525476,0.7483355,0.8161981,1.053998,0.9017845,0.9273443,0.93912536,0.86249804,1.0362396,0.9411366,0.9296465,0.97085416
0.91665965,0.7720721,0.9054005,0.745128,0.80023414,0.77697456,0.94457585,0.7521225,0.546437,0.8845305,1.0469935,0.82590306,0.93358064,0.93202204,0.83063173,0.91548645,0.9294412,0.59827805,0.7719642,1.0226873,0.9013311,0.92004126,0.90569305,0.8217069,1.0058007,0.9156781,0.9215058,0.94028765
1.012764,0.96191233,1.0156746,0.85800916,0.9056858,0.88238895,1.0384965,0.90905374,0.29885665,0.9819849,1.1770574,0.92546034,0.9821353,0.97840923,0.929669,1.011561,0.9581244,0.7898527,0.87863207,1.1163886,0.9302915,0.96746,1.01582,0.92129475,1.0981202,1.0116957,0.9704119,1.0311923
1.0116677,0.8292632,0.9967304,0.7974695,0.8385043,0.82606494,1.0361278,0.8200492,0.37935713,0.93076676,1.122316,0.8723494,1.0300455,1.0273156,0.876917,1.0105426,1.0306904,0.6125758,0.8218813,1.0676904,1.010271,1.0180763,0.9969236,0.86820674,1.0499548,1.0106648,1.0195932,0.9833106
0.9473944,0.9244312,0.9349558,0.74354196,0.78907037,0.76902884,0.9689689,0.7993833,0.29457608,0.86603385,1.0752546,0.8104432,0.95079726,0.9476412,0.81460184,0.94623744,0.9449212,0.74286187,0.7629148,0.99847627,0.92342687,0.9373967,0.9350249,0.8062856,0.9805834,0.94629115,0.9395935,0.9147307
0.95614153,0.7706453,0.93553287,0.72975254,0.7867638,0.7622998,0.983196,0.7443574,0.50437623,0.86833173,1.0561723,0.8089457,0.9867624,0.98509264,0.81373006,0.95498896,0.9980314,0.62875545,0.75176513,1.0040902,0.9788779,0.9771638,0.9356673,0.8047687,0.9873992,0.9550829,0.97824913,0.92019695
0.9791456,0.8663151,0.9629701,0.7879962,0.82574373,0.81618476,1.0019541,0.8075317,0.36475247,0.9164574,1.0876014,0.8599713,0.9978486,0.9946937,0.86435294,0.9779803,0.99694175,0.6410563,0.8095255,1.0489337,0.9774137,0.9851134,0.96312004,0.85575825,1.0318589,0.97799945,0.98666435,0.9674732
0.9243514,0.90617573,0.9216677,0.7902277,0.8488981,0.8171812,0.95119774,0.82970124,0.3919019,0.9227132,1.0884696,0.8639794,0.9130876,0.9099834,0.8685073,0.92305136,0.89799064,0.71678567,0.8161846,1.0597621,0.8713247,0.8979854,0.92190087,0.8596925,1.0424623,0.9231805,0.900363,0.97753227
1.0068117,0.82974917,0.98820364,0.9906344,0.9831501,1.0223944,1.0313746,0.98894703,0.55412245,1.1154014,1.1514025,1.0621798,1.0215002,1.0187832,1.066674,1.0056617,1.0235565,0.758477,1.0171438,1.2326261,1.0016108,1.0075222,0.98853916,1.0585629,1.2177081,1.0058044,1.0090407,1.1629628
0.9372528,0.86821264,0.9268265,0.75861883,0.7845903,0.78152037,0.9587797,0.7800417,0.3369038,0.88187987,1.0662707,0.8286394,0.9403544,0.9371483,0.8328746,0.936132,0.9379906,0.7426487,0.7768274,1.00519,0.9165306,0.9277196,0.926848,0.8245983,0.9883823,0.9361754,0.9297173,0.9258609
0.90522367,1.1506175,0.942229,0.98457366,0.9850124,1.0007926,0.93243,1.1061444,0.47835627,1.0678703,1.1438937,1.0279756,0.81939626,0.8124664,1.0309457,0.904142,0.76980436,1.027631,1.0003,1.1588116,0.7304148,0.80624455,0.9421759,1.0250698,1.1439408,0.9042481,0.8100819,1.0977373
0.9888532,0.9142606,0.9888414,0.87035197,0.92435974,0.8959685,1.0156612,0.9078877,0.36296412,1.0010519,1.149963,0.94198483,0.9588511,0.9552541,0.94645685,0.9875907,0.9386718,0.7562984,0.8930623,1.1388688,0.907738,0.9435061,0.9890534,0.9376402,1.1208082,0.9877324,0.9461495,1.053352
1.1089041,0.9996734,1.1129616,1.0009023,1.0350488,1.0246096,1.1335081,1.0419863,0.35478815,1.1245209,1.2757504,1.0678583,1.0789804,1.0747647,1.072026,1.1076663,1.0466053,0.8228649,1.0182,1.2551098,1.0194021,1.0640117,1.1131309,1.0636483,1.2376274,1.1077746,1.067239,1.1720841
0.86304224,0.8757981,0.8565818,0.7378332,0.78492284,0.7669133,0.88869345,0.76798654,0.41785392,0.8696398,1.0174025,0.81164926,0.84576243,0.8427365,0.81622183,0.8618226,0.8387038,0.6487696,0.763274,1.0047886,0.81119287,0.8325872,0.85678375,0.8074181,0.9880373,0.86204344,0.8345016,0.9245554
0.90750265,0.718282,0.8910699,0.71639335,0.762174,0.748489,0.9267677,0.7469002,0.35379034,0.8414052,1.0240862,0.7858222,0.9227786,0.919065,0.7901902,0.9064097,0.91401076,0.6259899,0.74010134,0.97150195,0.8929839,0.91127104,0.89103305,0.7818072,0.9548873,0.9064033,0.9129147,0.89330035
0.8595549,0.74622005,0.8407136,0.6439429,0.69242805,0.6743624,0.8830325,0.677805,0.39857048,0.7724088,0.9621989,0.71642107,0.89151174,0.88860166,0.72079885,0.8585491,0.9016108,0.62446094,0.66521275,0.90050364,0.88419455,0.88099813,0.8408314,0.712193,0.88366157,0.8585952,0.8821801,0.8210097
0.8435772,0.9273737,0.82033336,0.68047523,0.69954497,0.7115508,0.8676281,0.70285565,0.464602,0.8102694,0.94149065,0.7553864,0.88161904,0.87879467,0.75992465,0.84250313,0.89719677,0.65513235,0.708437,0.93470424,0.88036174,0.87278,0.8204731,0.7512758,0.9191346,0.84255344,0.8736342,0.8611182
1.0004362,0.90837413,0.98965377,0.8430079,0.8799472,0.8728715,1.0261179,0.8608988,0.4790059,0.9789937,1.1429013,0.92098945,1.0193503,1.0175152,0.9257147,0.9992268,1.0240942,0.6400849,0.8685988,1.1153982,1.0013804,1.0055165,0.98985434,0.9168429,1.0985076,0.99937123,1.006898,1.0329456
1.1729765,1.513408,1.2056801,1.5753458,1.5290402,1.5970589,1.2029943,1.625364,0.98055816,1.6600004,1.4644647,1.622006,1.1068527,1.1055418,1.6253233,1.1717232,1.0916805,1.3532172,1.5936785,1.7267534,1.0648307,1.0929176,1.2059971,1.6194122,1.7175958,1.1721002,1.0946591,1.687232
0.9783889,0.77897906,0.95711607,0.77356124,0.8177349,0.79985064,1.0008179,0.78807086,0.4228355,0.90788627,1.0823582,0.8499585,1.0064954,1.003509,0.8544128,0.97735316,1.0069911,0.6609193,0.79857,1.0396869,0.99080676,0.99396926,0.95731115,0.84569675,1.0225145,0.97740424,0.9952485,0.9586027
0.9259483,0.76937324,0.9084048,0.7606101,0.7931943,0.78751314,0.9475315,0.78090036,0.37781265,0.8866919,1.0382653,0.83061206,0.93987775,0.9370628,0.8350949,0.92498237,0.9347471,0.5098082,0.78658485,1.01448,0.9195267,0.928284,0.9084914,0.82651824,0.9980059,0.92505085,0.9298408,0.9390854
0.9543406,0.7719166,0.93213594,0.78840744,0.8174439,0.8186737,0.97377276,0.8004291,0.42081955,0.91711754,1.0740092,0.8599165,0.9832039,0.98113304,0.86449796,0.9531364,0.9858328,0.61800015,0.8115274,1.0499231,0.96689534,0.9704952,0.93233114,0.8557522,1.033,0.9532284,0.9718794,0.9689616
1.2310146,0.90284365,1.2186794,1.0568347,1.085339,1.090275,1.257756,1.084488,0.6075613,1.1889752,1.384738,1.1299707,1.2329047,1.2289771,1.1347655,1.2297024,1.2223066,0.6830754,1.0740435,1.3279984,1.1900637,1.2217808,1.2191945,1.1256188,1.3101357,1.2296728,1.2233909,1.2402616
0.9812962,0.84272414,0.96676904,0.78550285,0.8103092,0.813563,1.0055021,0.8216997,0.39704368,0.91471684,1.0953891,0.857293,1.0004864,0.99780744,0.86173165,0.9801245,1.0010302,0.6865953,0.80453265,1.0482734,0.9834816,0.98928416,0.9670113,0.8532404,1.0307574,0.9801998,0.990481,0.9642825
0.8914912,0.872267,0.8858324,0.7596352,0.806381,0.78703976,0.9166951,0.8030402,0.3685013,0.8874116,1.0433592,0.83042634,0.88068557,0.8772629,0.8348587,0.8903069,0.86836845,0.7219139,0.7831817,1.0166496,0.8378924,0.86722964,0.88603073,0.82622015,0.9999642,0.89045143,0.8693587,0.9382317
0.8951432,0.79698735,0.873607,0.68690765,0.74056655,0.71678144,0.9205374,0.70959514,0.4409734,0.8202316,1.0088507,0.76228505,0.92985785,0.9275728,0.76681703,0.89404374,0.9410962,0.63907546,0.70848536,0.9539635,0.9178465,0.91848975,0.873751,0.7579241,0.93687004,0.8941307,0.9194952,0.8715235
1.0695565,1.0372666,1.0600663,0.9146029,0.9471349,0.9422643,1.0942822,0.93254465,0.38371497,1.0456388,1.2084152,0.9882287,1.0699294,1.0664124,0.9926996,1.0683713,1.0579995,0.68670225,0.9373674,1.1802813,1.0329851,1.0565333,1.0602632,0.98418146,1.1628249,1.068453,1.0585135,1.0974742
0.9385857,0.7648277,0.9236213,0.73371875,0.7735943,0.76247054,0.96395916,0.76576203,0.38552055,0.86664456,1.0608364,0.80802417,0.9653601,0.9623255,0.8125395,0.937457,0.9679307,0.6340471,0.7522286,1.0007291,0.9478563,0.9544738,0.9238057,0.80388844,0.98280215,0.93753004,0.95587164,0.91537255
0.95146567,0.76671106,0.928328,0.6828279,0.737779,0.71236426,0.9760467,0.7088057,0.4242893,0.81810516,1.0410792,0.75973314,0.9963277,0.99334913,0.7643037,0.9504298,1.0052737,0.62703145,0.7062537,0.9565657,0.98970777,0.9855253,0.92845243,0.75551295,0.93872595,0.9504633,0.98661315,0.8707309
1.0328523,0.87795967,1.0200171,0.82130617,0.88271123,0.8478239,1.0560201,0.8539456,0.3778289,0.95432407,1.1574814,0.89478755,1.0411044,1.0381341,0.8992397,1.0316137,1.0356854,0.60541165,0.8434678,1.0940472,1.0134729,1.0275284,1.0202131,0.89039046,1.0754067,1.0316894,1.0291493,1.0060989
0.86736745,0.88689834,0.86968726,0.798094,0.8517372,0.8260345,0.8941426,0.8203355,0.41680375,0.93123174,1.0465572,0.87239736,0.853965,0.85129786,0.87706953,0.86605924,0.8416109,0.6797167,0.82411593,1.0649809,0.81241107,0.83939654,0.86991394,0.8682259,1.0481848,0.8662193,0.8414016,0.9855632
1.0871449,0.7604378,1.0756462,1.0563288,1.0642895,1.0837938,1.1153305,1.0555933,0.59908736,1.1886988,1.2283623,1.1336329,1.0690913,1.0669068,1.1381724,1.086029,1.0670006,0.68091536,1.0913205,1.3140298,1.0424976,1.0548437,1.0758008,1.129782,1.2993857,1.0861969,1.0565313,1.2432468
0.9726346,0.9130375,0.9655619,0.76609516,0.80595756,0.79520226,1.0006428,0.7710378,0.37312964,0.8911793,1.1000721,0.8317343,0.9778295,0.9746299,0.83605444,0.9715318,0.97341377,0.725072,0.78624576,1.0302263,0.9572306,0.9699534,0.96555847,0.8273726,1.0111152,0.9715881,0.9717249,0.9440579
0.9848398,0.90914506,0.97562927,0.78730744,0.84225917,0.81089324,1.0079223,0.840606,0.31265733,0.91108626,1.1198364,0.8539946,0.98642635,0.98279786,0.85813606,0.9837406,0.9707996,0.7638278,0.8107639,1.0493428,0.9397866,0.9726201,0.97576374,0.8499197,1.0309074,0.9838301,0.97520614,0.9642433
0.91878504,0.7849417,0.9085457,0.76941055,0.7917354,0.7986006,0.94391686,0.79307765,0.3647219,0.8963369,1.0509597,0.8403454,0.935994,0.9323836,0.8447051,0.9176521,0.93487495,0.53504777,0.7926505,1.0236677,0.9144861,0.92704093,0.90865594,0.8361421,1.0073653,0.9177203,0.9285109,0.9470814
0.91534644,0.8040213,0.8926135,0.666993,0.7292874,0.6945879,0.93973714,0.6928157,0.4258606,0.7991526,1.0150366,0.74156415,0.9613549,0.9585404,0.7459761,0.9142916,0.97234046,0.6422511,0.68989253,0.93440163,0.9570678,0.94986165,0.89272565,0.73724806,0.9170728,0.9143188,0.9508802,0.85111547
1.130883,1.5494298,1.1650085,1.540742,1.5011231,1.5628589,1.1619205,1.5681175,1.0022345,1.6243731,1.4206941,1.5855113,1.0787352,1.0775721,1.5889065,1.1296327,1.0516428,1.3988906,1.5568258,1.6894511,1.0253689,1.0635319,1.1653583,1.5828496,1.6801617,1.1300321,1.0649602,1.6500226
0.9120469,0.9055254,0.91285545,0.8065648,0.8521222,0.8344034,0.939391,0.83538055,0.35599974,0.93675745,1.0846227,0.87903666,0.8928678,0.8893418,0.8836034,0.91077584,0.8742613,0.68990636,0.8299587,1.06792,0.8468141,0.87930095,0.9130762,0.8747903,1.0509075,0.9109027,0.88158846,0.9878062
0.99734193,0.79129106,0.98443776,0.78523266,0.8430968,0.8116627,1.0251547,0.8072451,0.4270072,0.9202908,1.1219933,0.86063904,1.0204328,1.0176798,0.86514455,0.9961285,1.0215789,0.62758654,0.8029773,1.0571736,1.0009804,1.0090916,0.9845528,0.8563149,1.0387349,0.9961792,1.0104787,0.9690282
0.91449904,0.91032624,0.90352786,0.7519962,0.7994583,0.7780911,0.9342455,0.81675464,0.29065102,0.873403,1.0529494,0.81700927,0.9107218,0.9077206,0.82122463,0.9133946,0.89761406,0.76381385,0.76719564,0.9977422,0.87761533,0.8978774,0.903675,0.81301785,0.9808205,0.9135018,0.89999336,0.9187724
0.91293013,0.9625024,0.8906336,0.7083443,0.7547683,0.74051726,0.93656904,0.73050827,0.4590441,0.8434438,1.0132333,0.7857255,0.9519965,0.9493895,0.7903503,0.9118771,0.968193,0.59233326,0.73474973,0.9772158,0.9498196,0.9419761,0.8908019,0.7815827,0.9606028,0.9119825,0.942856,0.8975594
0.94728756,0.7723352,0.92809933,0.7268645,0.78181124,0.7558879,0.9710938,0.75516677,0.41952324,0.861943,1.0567594,0.80288774,0.9798617,0.97714454,0.80754393,0.94619876,0.9872982,0.60010403,0.7526449,0.9997611,0.96861,0.9689126,0.92824244,0.79865646,0.98230356,0.9462923,0.9699565,0.91642225
1.0322578,0.85103995,1.0150204,0.8324922,0.8849132,0.85666627,1.0556512,0.8397113,0.40080544,0.9642994,1.1493828,0.9066255,1.0540364,1.0507939,0.9109602,1.0310506,1.0447823,0.6180194,0.854452,1.098486,1.0289726,1.04113,1.0152358,0.90232897,1.0809042,1.0310395,1.0427978,1.014118
0.9542413,0.73841745,0.9354511,0.7720242,0.79492146,0.7998371,0.9796401,0.79458445,0.44386083,0.9081262,1.0596157,0.85152245,0.9801264,0.9776804,0.8561569,0.9530564,0.98751175,0.56233466,0.7993474,1.035689,0.971418,0.96751875,0.93558145,0.84742326,1.0190158,0.95307326,0.96883744,0.9568181
1.0605644,0.82401,1.0464873,0.8686262,0.89044476,0.8997568,1.086166,0.8741566,0.43413627,0.9977855,1.1785363,0.939862,1.0769913,1.0743047,0.9444739,1.0594677,1.0792589,0.63103604,0.89235026,1.1385854,1.0616865,1.0628146,1.0467781,0.93564796,1.121358,1.0595278,1.0647323,1.0557442
0.9235119,0.91009045,0.9150195,0.75948864,0.8073442,0.7872146,0.94766456,0.81048584,0.312413,0.8870347,1.065668,0.8298535,0.9213705,0.9178959,0.83424664,0.9223495,0.9126126,0.71759963,0.7805782,1.0202655,0.8863301,0.9081526,0.91518503,0.8256644,1.0027953,0.9224373,0.9101576,0.9372819
0.98888886,0.8145174,0.9667595,0.7753579,0.8355404,0.805603,1.0142046,0.7841017,0.500259,0.91348517,1.1104441,0.8546069,1.0254451,1.0236576,0.8593189,0.987738,1.0314033,0.6184978,0.8037652,1.0534333,1.0095104,1.0137091,0.96701545,0.8502713,1.0363948,0.9878213,1.0148629,0.9705617
1.0037326,0.93283564,0.9899073,0.8148717,0.86290044,0.8452496,1.0291144,0.8415421,0.40055406,0.947492,1.1268202,0.8890902,1.0251441,1.0222028,0.89372987,1.0025245,1.0229676,0.5970468,0.83931154,1.0840027,1.0041832,1.012879,0.99007916,0.8848677,1.0669127,1.0026168,1.0142012,1.001659
1.0151268,0.85659844,0.997704,0.8318694,0.88228655,0.8612879,1.0359982,0.85651535,0.40952754,0.9640174,1.1490798,0.905381,1.0312726,1.0287845,0.90999347,1.0139029,1.0244044,0.6461662,0.85403013,1.1018004,1.004485,1.0174291,0.99783266,0.90114397,1.0841004,1.0140057,1.0191009,1.016772
1.230256,1.3960419,1.2443471,1.5139999,1.4826465,1.5398962,1.2585766,1.5521142,0.847648,1.6163911,1.4806373,1.5706509,1.1789516,1.17651,1.5745499,1.2289703,1.1481745,1.238986,1.534295,1.7013545,1.1174611,1.1634207,1.2448043,1.5674769,1.6901065,1.2292508,1.1654786,1.6507605
0.96767837,0.91079664,0.9601557,0.82325655,0.86713034,0.85130745,0.9921028,0.8575399,0.35967857,0.95377874,1.11579,0.89628005,0.9668542,0.963409,0.9007371,0.9664997,0.9557816,0.6993072,0.8462309,1.087423,0.9327085,0.95301926,0.9603309,0.89208394,1.0700647,0.96658736,0.95515937,1.0053421
0.89512783,0.87901986,0.8897915,0.7940429,0.8388885,0.8215625,0.9233075,0.8210189,0.3848533,0.9247737,1.0535878,0.86671877,0.8889273,0.8854611,0.8712052,0.89390624,0.8751789,0.6885692,0.81814593,1.0566885,0.8452272,0.87521434,0.89000094,0.8624493,1.040478,0.8940407,0.87733084,0.9776829
1.0136478,0.94180065,0.994517,0.72300124,0.7766219,0.7493167,1.037277,0.7670491,0.43192706,0.8569127,1.1410313,0.7975662,1.0259936,1.0236375,0.8020426,1.012546,1.0173804,0.66217095,0.7474655,1.0024772,0.98682797,1.0142449,0.9946167,0.79339474,0.9837698,1.0127288,1.0157316,0.9137522
0.9836443,0.8467319,0.9631011,0.78239924,0.82591504,0.8094824,1.0060724,0.7959842,0.3986874,0.91776675,1.1004944,0.85980743,1.0056952,1.0027816,0.86434466,0.98258686,1.0072361,0.68291557,0.80326635,1.049407,0.9868247,0.99336135,0.9633161,0.85561424,1.0320741,0.9826229,0.9949121,0.9663774
0.9428471,0.8103621,0.92867243,0.757087,0.800032,0.7867778,0.96918154,0.7836382,0.41944468,0.88863665,1.0582863,0.8319953,0.96925163,0.96578914,0.8365007,0.94183517,0.97270215,0.641945,0.7758266,1.018603,0.9545252,0.9571815,0.9289219,0.8279806,1.0013567,0.94187856,0.95847195,0.93683153
0.9274576,0.92213726,0.9259829,0.78694016,0.8384568,0.8120942,0.9530127,0.8334402,0.32361814,0.91306156,1.0852757,0.8562907,0.9137145,0.9101663,0.86055833,0.9263094,0.89739716,0.7157248,0.80788463,1.045075,0.87242085,0.90002525,0.9261793,0.85203856,1.0275185,0.92643213,0.9024558,0.9624958
0.9121129,0.8837687,0.901879,0.7405746,0.79267627,0.7683407,0.9368084,0.7916032,0.34615025,0.8706669,1.0443858,0.8137611,0.9233225,0.9199935,0.81810284,0.91089666,0.9195108,0.76131994,0.76873726,1.0046065,0.89750975,0.91022086,0.9020256,0.8096104,0.9873492,0.9109927,0.91188407,0.9243555
0.880201,0.89015806,0.8746856,0.8016306,0.8471478,0.8296847,0.90580744,0.8265221,0.40994927,0.93431866,1.0435483,0.8765644,0.8663488,0.863108,0.88106436,0.8789467,0.84975934,0.65964574,0.82805675,1.065069,0.8202955,0.852635,0.87490773,0.8722544,1.0488867,0.87908643,0.8546389,0.9875229
1.124052,1.4725072,1.1351826,1.415372,1.3966537,1.4488549,1.1563367,1.4357694,0.89157075,1.5389072,1.3704137,1.4885223,1.0550258,1.0524622,1.493046,1.1227051,1.0185834,1.2816019,1.4449035,1.6262451,0.9894343,1.0391607,1.1355782,1.4850094,1.6162875,1.1230553,1.0416964,1.5814738
1.061016,0.9080358,1.0478106,0.8322151,0.8947521,0.85526955,1.0847253,0.8772418,0.35698017,0.9595308,1.1791407,0.90138215,1.0732058,1.0700502,0.9055771,1.0598298,1.0653734,0.6682063,0.8541503,1.1010064,1.0442642,1.0597441,1.0479481,0.89707124,1.0823638,1.0599229,1.0614878,1.01275
1.0266072,0.85825574,1.0175169,0.8380283,0.8964053,0.8607488,1.0464176,0.8976718,0.29179147,0.961413,1.1589473,0.9054101,1.0215257,1.0173764,0.9095938,1.0253829,0.996052,0.6019551,0.8666776,1.097935,0.97022897,1.0068334,1.0175298,0.9014858,1.0792655,1.0253967,1.0092525,1.0143377
0.96475,0.96580786,0.96542,0.83656174,0.87286675,0.8600766,0.9853288,0.89752364,0.2790349,0.9530316,1.11331,0.89929914,0.9376346,0.9335308,0.90332025,0.96352595,0.9085157,0.7269818,0.85460895,1.074395,0.8833018,0.92332554,0.9655321,0.8953276,1.0574069,0.96357846,0.9263735,0.99646574
0.92552936,0.92702264,0.9223682,0.78755337,0.82991606,0.81423056,0.9502822,0.83574545,0.3252237,0.9138192,1.0823458,0.8570967,0.9114686,0.9078359,0.8614844,0.92433685,0.8957561,0.75959724,0.8087276,1.0439816,0.8696463,0.89782447,0.92252517,0.8529117,1.026583,0.924452,0.90009975,0.9625146
0.97683424,0.92800444,0.9748497,0.83471096,0.86608267,0.85915303,0.9983124,0.88478786,0.27789295,0.95384574,1.1196545,0.8987915,0.959984,0.9558143,0.903046,0.9756051,0.9357176,0.7718695,0.8522852,1.0786124,0.9095787,0.94529593,0.97499216,0.8947792,1.0613633,0.9756597,0.9478764,0.99833834
1.0056003,0.8269514,0.9855397,0.8115399,0.85110337,0.83931977,1.0243913,0.82602894,0.3673003,0.94036376,1.1233084,0.88286406,1.019365,1.016437,0.8872436,1.0044587,1.0161269,0.58959246,0.8330873,1.0759653,0.9963477,1.0059296,0.98577434,0.87867385,1.0582778,1.0045723,1.0075423,0.9924911
0.90403825,0.7065245,0.8851966,0.69573885,0.7385558,0.72366273,0.92778134,0.73856556,0.40326032,0.83027154,1.0114113,0.7731289,0.9398982,0.9368476,0.7776338,0.9030317,0.9463956,0.54783416,0.72768,0.96251446,0.9333716,0.92877877,0.885426,0.7690194,0.94526297,0.90304035,0.93011874,0.88288844
1.1347055,0.89127994,1.1248893,0.9711558,1.0176363,1.0054665,1.157742,0.9995981,0.42397535,1.0981381,1.2869533,1.0396842,1.1346462,1.1311333,1.0441965,1.1334772,1.1188419,0.76627773,0.98952335,1.2336526,1.0927204,1.1230522,1.1250163,1.0354382,1.215318,1.133597,1.1251879,1.1485312
1.0133612,0.82413965,0.99799544,0.8044681,0.8618176,0.8334563,1.038314,0.8296055,0.3953907,0.93775356,1.1319658,0.8787402,1.0355467,1.0326477,0.8833514,1.0121938,1.0343786,0.67503077,0.83004624,1.0775634,1.0139098,1.0218931,0.99818057,0.87452143,1.0596825,1.0122317,1.0234387,0.9931659
1.0486995,0.8686618,1.0418048,0.8921852,0.9397549,0.9192582,1.0774611,0.9050542,0.43280795,1.0260018,1.1962065,0.96646166,1.0605575,1.0577815,0.9710342,1.0474579,1.0532588,0.68987256,0.91809493,1.1681038,1.0299951,1.0475191,1.0420665,0.9622063,1.1503447,1.0475805,1.0491761,1.0833675
0.99466705,0.80022293,0.985421,0.82765424,0.85712636,0.8599723,1.0252631,0.82530814,0.4224392,0.96055824,1.1269646,0.90221727,1.0258653,1.0228277,0.90676814,0.9934487,1.0251782,0.607551,0.85237134,1.0950061,1.0078229,1.0150956,0.98552656,0.89808315,1.0778846,0.9935143,1.0167207,1.0136766
0.99008006,0.8138487,0.96675706,0.7399025,0.7903363,0.7689405,1.0147676,0.7485304,0.45279524,0.8739279,1.0821528,0.81550556,1.0324028,1.0297507,0.820026,0.98902506,1.0420349,0.6173912,0.76574934,1.0134878,1.0262855,1.021114,0.96698,0.8111683,0.9959766,0.9890758,1.0222132,0.9293557
1.0554466,0.95885205,1.0437258,0.8807513,0.9267445,0.9085416,1.0809146,0.8993251,0.40242064,1.0143192,1.1894389,0.95563966,1.0612864,1.058305,0.96017265,1.0542781,1.0550371,0.6580917,0.9044931,1.1521759,1.0314564,1.0478264,1.0439439,0.95141023,1.1344694,1.0544076,1.049642,1.0675132
0.9173354,0.7279537,0.8980683,0.68713963,0.73941106,0.71701676,0.93908644,0.7230894,0.3626038,0.8159194,1.022353,0.7594027,0.9447528,0.94172895,0.76382625,0.9162957,0.9474599,0.6120915,0.71038204,0.9494273,0.9304267,0.93243843,0.89824826,0.75524986,0.93226683,0.9162979,0.9339479,0.8678263
0.9100764,0.8921552,0.89989614,0.7864773,0.8112306,0.8150275,0.9347986,0.8090118,0.3773302,0.915409,1.0488124,0.8593288,0.91905355,0.91568315,0.86375296,0.9089057,0.91775405,0.6942002,0.8112882,1.0433542,0.89554244,0.90766275,0.90003717,0.8552254,1.0268779,0.90899885,0.90944844,0.9657053
0.95053756,0.8310449,0.9246511,0.7192821,0.77435285,0.74804646,0.97423863,0.7346909,0.46553642,0.8571695,1.051413,0.79886204,0.9893134,0.98714304,0.80351967,0.94945204,1.0032353,0.58337635,0.7455566,0.99317235,0.98273385,0.97884536,0.92483586,0.79463506,0.9759562,0.94956106,0.9797441,0.9106234
0.89378947,0.8602973,0.8873025,0.7311789,0.7866595,0.759095,0.9212569,0.7542504,0.4036598,0.8624838,1.0419668,0.8041305,0.88806474,0.88556117,0.8085777,0.8925449,0.880311,0.6686671,0.75261736,0.99943674,0.85330594,0.8748439,0.8874879,0.7997711,0.981907,0.89269656,0.87669855,0.91522574
0.9818044,0.7846602,0.9684422,0.7922918,0.8335585,0.82378197,1.008533,0.8298178,0.41460758,0.9250895,1.0997403,0.8672403,1.0061053,1.0029867,0.8719039,0.9807549,1.0070373,0.59618783,0.8247825,1.0641785,0.9873568,0.9936948,0.96862,0.86311805,1.0467278,0.9808923,0.99525505,0.98268765
1.0043899,0.8150293,0.99134636,0.8258191,0.85979605,0.8524796,1.0275838,0.85232484,0.38147533,0.9578672,1.1245637,0.8998912,1.0125031,1.0095304,0.9043918,1.0032281,1.0043902,0.6542391,0.8493635,1.0899823,0.98238915,0.99888694,0.99158394,0.89576006,1.072274,1.0033119,1.0005599,1.0072796
1.0012238,0.8621491,0.9847377,0.796534,0.8452564,0.824496,1.0255272,0.8162554,0.38985014,0.9301192,1.1155944,0.87205184,1.0229038,1.0199248,0.8765853,1.0001256,1.023094,0.6349339,0.8211955,1.0661066,1.0022061,1.0103292,0.9849321,0.8678045,1.0487092,1.0001845,1.01188,0.98300314
0.8474907,0.81227845,0.83269525,0.72214055,0.7594069,0.75318193,0.87298715,0.7421473,0.4235787,0.85478926,0.9799468,0.7975897,0.86082214,0.8582913,0.80218303,0.8463243,0.8638557,0.6882656,0.7460694,0.98000896,0.84245837,0.848796,0.83286095,0.793313,0.96395,0.846439,0.84999293,0.90353584
0.9086984,0.8243874,0.8926023,0.7172906,0.7439773,0.74937093,0.9370646,0.7279581,0.47054443,0.844488,1.0427356,0.7870844,0.91703224,0.9146001,0.7916806,0.9075757,0.92582804,0.64589185,0.7402337,0.9820808,0.89898753,0.9049557,0.8927548,0.7828027,0.9657254,0.9077015,0.90657294,0.9028498
1.0038756,0.7064461,0.98660046,0.7971478,0.83367985,0.82584244,1.0291826,0.81065196,0.44364807,0.9292669,1.1171372,0.87061834,1.0356909,1.0334446,0.87514603,1.0026897,1.0407845,0.60373956,0.82197475,1.0698503,1.0226136,1.0224413,0.9868048,0.86637104,1.052448,1.0028102,1.023728,0.98622733
0.9651764,0.9385025,0.9683832,0.88135606,0.91728663,0.9085811,0.9908965,0.91775036,0.3247186,1.006866,1.1341772,0.9504895,0.94369227,0.93996114,0.9548058,0.96392345,0.9181254,0.7511058,0.90325236,1.1343697,0.8919472,0.9286055,0.96856445,0.9463858,1.1178333,0.9640247,0.9313333,1.0561363
0.8489747,0.8340442,0.8400901,0.7457606,0.7785091,0.77444446,0.8747134,0.76630116,0.4030576,0.8737787,0.992247,0.8186703,0.8557332,0.85351294,0.82317406,0.8477234,0.8584237,0.6454424,0.777424,0.99992263,0.832393,0.84366214,0.8402728,0.8147703,0.9844637,0.84784126,0.8451469,0.9267946
0.98471504,0.96533924,0.977164,0.8064681,0.8489236,0.83263516,1.0084004,0.85422534,0.3174662,0.93176883,1.120331,0.87577254,0.9818032,0.97806937,0.879974,0.98362446,0.9690009,0.70218784,0.82707685,1.0633005,0.9452899,0.96953857,0.9772954,0.87170255,1.0456423,0.98368967,0.9717355,0.98058325
0.90616566,0.90171695,0.9003431,0.7792138,0.82087564,0.8040998,0.9289313,0.819388,0.33220443,0.906483,1.0570912,0.8512725,0.90020496,0.89687914,0.8555584,0.904928,0.89172274,0.72246176,0.80562484,1.0342371,0.8657749,0.8856795,0.9004857,0.8471826,1.017594,0.90499926,0.88801736,0.956419
0.86675274,0.8143776,0.8496399,0.6946164,0.7387756,0.7266872,0.89211684,0.7034088,0.47001833,0.82848656,1.0005524,0.7708174,0.89095557,0.888513,0.77539206,0.86565244,0.9010292,0.6207566,0.7186442,0.963085,0.8793193,0.87935793,0.8498886,0.7664676,0.9463005,0.8657528,0.8804878,0.88192403
0.91134554,0.6758134,0.8993503,0.7401772,0.7910095,0.76938653,0.93717724,0.7739445,0.39088905,0.8664047,1.0339162,0.81113434,0.9273698,0.924356,0.81550944,0.91041434,0.92707855,0.54088074,0.7698606,0.99708676,0.91361725,0.91629344,0.8994261,0.80705255,0.9802551,0.9104961,0.9180977,0.91956764
0.9732326,0.8087917,0.96324676,0.8258075,0.87942946,0.85831076,1.0007623,0.8257698,0.5969092,0.96608424,1.1176201,0.90726554,0.9659123,0.9641795,0.9120977,0.9720519,0.9523189,0.6146878,0.8544209,1.1062953,0.9222826,0.95060474,0.96357995,0.9030915,1.089547,0.9722952,0.9521415,1.0240297
1.1578835,1.4954154,1.18437,1.5137966,1.4955256,1.5464796,1.1873136,1.5302619,0.9619874,1.6213225,1.4308566,1.5806962,1.0942006,1.0923519,1.5842217,1.1565945,1.0612288,1.3374444,1.543789,1.6932743,1.0284603,1.0771654,1.1846336,1.5779263,1.6838481,1.1570446,1.0793446,1.6518424
0.9657532,0.93180764,0.9634098,0.8563666,0.8908995,0.8824898,0.9885827,0.8942446,0.310882,0.9818181,1.1252915,0.924912,0.9460694,0.94239587,0.92923474,0.9645782,0.92601866,0.7530839,0.87769145,1.1115326,0.8992741,0.93137556,0.9636132,0.92072016,1.0947592,0.96466583,0.93397444,1.0319268
1.103777,0.84264284,1.0997931,0.9585155,0.9775064,0.98666227,1.1307538,0.96866614,0.41061506,1.0914477,1.2525817,1.0344843,1.1060944,1.1027267,1.0389016,1.1025275,1.0982403,0.6885141,0.98521715,1.2241505,1.0702208,1.0920906,1.0999525,1.0303485,1.2070016,1.1026483,1.0941274,1.1431
0.97095966,0.93529224,0.9657845,0.8324266,0.86978316,0.85599387,0.9915837,0.89040905,0.29007503,0.9553262,1.1169363,0.90141684,0.94724953,0.943301,0.9054868,0.9698643,0.9229495,0.7595387,0.85189027,1.077055,0.8989513,0.9323737,0.96592855,0.89740974,1.0603641,0.9699208,0.9351956,0.9987388
1.0252564,0.8806485,1.0056926,0.85605663,0.9078815,0.88597924,1.0505356,0.85325044,0.488066,0.99379474,1.1525168,0.9343317,1.0543386,1.0521291,0.93908966,1.0240657,1.0598997,0.642377,0.88080496,1.1309042,1.0376427,1.0419525,1.0058807,0.93002445,1.1138318,1.0241665,1.0431975,1.0478919
1.0351136,0.89925367,1.0210139,0.8433618,0.8967461,0.8691398,1.0585828,0.860477,0.37579563,0.9748558,1.160255,0.91621345,1.0447946,1.0415653,0.9206946,1.0339546,1.0334656,0.65639764,0.8652184,1.1110368,1.0128037,1.0309875,1.0212102,0.911936,1.0931789,1.0340022,1.0328832,1.026193
0.95319015,0.92634577,0.95182306,0.8311863,0.8732924,0.8589922,0.97892123,0.8647594,0.32125455,0.9576643,1.1094038,0.9003693,0.93457144,0.93076533,0.90480137,0.95201665,0.9142091,0.7387011,0.8511803,1.0875925,0.88612485,0.9204329,0.9520368,0.89623,1.0706637,0.9521319,0.9229261,1.0074267
0.93072355,1.0107851,0.9105108,0.76755995,0.8111235,0.7973556,0.95266306,0.77721715,0.41806984,0.90100086,1.0477638,0.84327114,0.95969266,0.9570636,0.84785444,0.929599,0.9624941,0.6108182,0.7905392,1.0305239,0.9446396,0.94737613,0.91067564,0.839057,1.0140059,0.929673,0.9484709,0.95132107
0.9845857,0.9350757,0.9806504,0.81336737,0.872905,0.84026885,1.0127032,0.8539084,0.36222968,0.94313914,1.1391087,0.8844793,0.9772766,0.9741783,0.8888356,0.9833151,0.96018195,0.711834,0.8362707,1.0840479,0.9319759,0.9620561,0.9808673,0.8801861,1.0658009,0.983472,0.9642812,0.99732524
